username,repo_name,stars,repo_url
,twbs,168000,https://github.com/twbs
ColorlibHQ,AdminLTE,43800,https://github.com/ColorlibHQ/AdminLTE
,tabler,37400,https://github.com/tabler
mdbootstrap,mdb-ui-kit,24100,https://github.com/mdbootstrap/mdb-ui-kit
react-bootstrap,react-bootstrap,22300,https://github.com/react-bootstrap/react-bootstrap
ColorlibHQ,gentelella,21000,https://github.com/ColorlibHQ/gentelella
verekia,js-stack-from-scratch,20000,https://github.com/verekia/js-stack-from-scratch
thomaspark,bootswatch,14500,https://github.com/thomaspark/bootswatch
,bootstrap-vue,14500,https://github.com/bootstrap-vue
,selectize,13000,https://github.com/selectize
uxsolutions,bootstrap-datepicker,12700,https://github.com/uxsolutions/bootstrap-datepicker
,coreui,11900,https://github.com/coreui
wenzhixin,bootstrap-table,11700,https://github.com/wenzhixin/bootstrap-table
,Templarian,10900,https://github.com/Templarian
,reactstrap,10600,https://github.com/reactstrap
snapappointments,bootstrap-select,9800,https://github.com/snapappointments/bootstrap-select
StartBootstrap,startbootstrap-sb-admin-2,9700,https://github.com/StartBootstrap/startbootstrap-sb-admin-2
mdbootstrap,material-design-for-bootstrap,9400,https://github.com/mdbootstrap/material-design-for-bootstrap
ng-bootstrap,ng-bootstrap,8200,https://github.com/ng-bootstrap/ng-bootstrap
,twbs,7300,https://github.com/twbs
